concatenated_source,source_publisher,source_product,source_full_version,source_availability,source_end_of_support
Micro Focus - ArcSightReputationSecurityMonitorPlus - 1.7,Micro Focus,ArcSightReputationSecurityMonitorPlus,1.7,2020-12-03,2023-12-31
Micro Focus - ArcSightReputationSecurityMonitorPlus6x - 1.6,Micro Focus,ArcSightReputationSecurityMonitorPlus6x,1.6,2017-10-11,2021-06-30
Micro Focus - ArcSightSmartConnectors - 7.15.0,Micro Focus,ArcSightSmartConnectors,7.15.0,2020-05-01,2023-05-31
Micro Focus - ArcSightSmartConnectors - 7.14.0,Micro Focus,ArcSightSmartConnectors,7.14.0,2019-12-17,2022-12-31
Micro Focus - ArcSightSmartConnectors - 7.13.0,Micro Focus,ArcSightSmartConnectors,7.13.0,2019-07-31,2022-07-31
Micro Focus - ArcSightSmartConnectors - 7.12.0,Micro Focus,ArcSightSmartConnectors,7.12.0,2019-05-31,2022-05-31
Micro Focus - ArcSightSmartConnectors - 7.11.0,Micro Focus,ArcSightSmartConnectors,7.11.0,2019-01-31,2022-01-31
Micro Focus - ArcSightSmartConnectors - 7.10.0,Micro Focus,ArcSightSmartConnectors,7.10.0,2018-10-31,2021-10-31
Micro Focus - ArcSightSmartConnectors9x - 7.9,Micro Focus,ArcSightSmartConnectors9x,7.9,2018-06-30,2021-06-30
Micro Focus - ArcSightSmartConnectors8x - 7.8,Micro Focus,ArcSightSmartConnectors8x,7.8,2018-04-30,2021-04-30
Micro Focus - ArcSightSmartConnectors7x - 7.7,Micro Focus,ArcSightSmartConnectors7x,7.7,2017-12-01,2020-12-31
Micro Focus - ArcSightSmartConnectors6x - 7.6,Micro Focus,ArcSightSmartConnectors6x,7.6,2017-06-01,2020-06-30
Micro Focus - ArcSightSmartConnectors0x - 7.0,Micro Focus,ArcSightSmartConnectors0x,7.0,2014-06-01,2017-06-30
Micro Focus - ArcSightSmartConnectors - 8.2.0,Micro Focus,ArcSightSmartConnectors,8.2.0,2021-05-18,2024-05-31
Micro Focus - ArcSightSmartConnectors - 8.1.0,Micro Focus,ArcSightSmartConnectors,8.1.0,2020-12-03,2023-12-31
Micro Focus - ArcSightSmartConnectors0x - 8.0,Micro Focus,ArcSightSmartConnectors0x,8.0,2020-07-31,2023-07-31
Micro Focus - ArcSightThreatDetector - 2.1,Micro Focus,ArcSightThreatDetector,2.1,2017-07-20,2020-07-31
Micro Focus - ArcSightThreatDetector0x - 2.0,Micro Focus,ArcSightThreatDetector0x,2.0,2013-07-01,2016-07-31
Micro Focus - ArcSightTransformationHub - 2.2,Micro Focus,ArcSightTransformationHub,2.2,2018-07-31,2021-07-31
Micro Focus - ArcSightTransformationHub - 2.2,Micro Focus,ArcSightTransformationHub,2.2,2018-04-30,2021-04-30
Micro Focus - ArcSightTransformationHub - 2.1,Micro Focus,ArcSightTransformationHub,2.1,2017-10-31,2019-10-31
Micro Focus - ArcSightTransformationHub - 3.5,Micro Focus,ArcSightTransformationHub,3.5,2021-05-14,2024-05-31
Micro Focus - ArcSightTransformationHub - 3.4,Micro Focus,ArcSightTransformationHub,3.4,2020-12-03,2023-12-31
Micro Focus - ArcSightTransformationHub - 3.3,Micro Focus,ArcSightTransformationHub,3.3,2020-07-31,2023-07-31
Micro Focus - ArcSightTransformationHub - 3.2,Micro Focus,ArcSightTransformationHub,3.2,2020-04-30,2023-04-30
Micro Focus - ArcSightTransformationHub1x - 3.1,Micro Focus,ArcSightTransformationHub1x,3.1,2019-12-04,2022-12-31
Micro Focus - ArcSightTransformationHub0x - 3.0,Micro Focus,ArcSightTransformationHub0x,3.0,2019-07-31,2022-07-31
Micro Focus - ArcSightUserBehaviorAnalytics - 6.2,Micro Focus,ArcSightUserBehaviorAnalytics,6.2,2020-02-28,2022-02-08
Micro Focus - ArcSightUserBehaviorAnalytics1x - 6.1,Micro Focus,ArcSightUserBehaviorAnalytics1x,6.1,2018-07-27,2022-02-08
Micro Focus - ArcSightUserBehaviorAnalytics0x - 5.0,Micro Focus,ArcSightUserBehaviorAnalytics0x,5.0,2016-07-15,2022-02-08
Micro Focus - ArcSightUserBehaviorAnalytics1x - 1.1,Micro Focus,ArcSightUserBehaviorAnalytics1x,1.1,2015-08-15,2018-11-30
Micro Focus - ArcSightUserBehaviorAnalytics0x - 1.0,Micro Focus,ArcSightUserBehaviorAnalytics0x,1.0,2015-06-12,2018-11-30
Micro Focus - Artix - 5.0,Micro Focus,Artix,5.0,,2009-09-30
Micro Focus - Artix - 5.1,Micro Focus,Artix,5.1,,2010-03-01
Micro Focus - Artix - 5.5,Micro Focus,Artix,5.5,,2012-12-09
Micro Focus - Artix - 5.6,Micro Focus,Artix,5.6,,
Micro Focus - AssetManager8x - 9.8,Micro Focus,AssetManager8x,9.8,2020-12-17,2024-12-31
Micro Focus - AssetManager7x - 9.7,Micro Focus,AssetManager7x,9.7,2018-02-09,2022-02-28
Micro Focus - AssetManager6x - 9.6,Micro Focus,AssetManager6x,9.6,2016-06-21,2021-07-31
Micro Focus - AssetManager5x - 9.5,Micro Focus,AssetManager5x,9.5,2015-04-01,2019-04-30
Micro Focus - AssetManager4x - 9.4,Micro Focus,AssetManager4x,9.4,2013-06-24,2017-06-30
Micro Focus - AssetManager3x - 9.3,Micro Focus,AssetManager3x,9.3,2011-09-01,2015-09-30
Micro Focus - Atlas - 2.4,Micro Focus,Atlas,2.4,2016-01-06,2017-11-01
Micro Focus - Atlas - 2.2,Micro Focus,Atlas,2.2,2015-10-12,2017-11-01
Micro Focus - Atlas - 2.1,Micro Focus,Atlas,2.1,2015-08-28,2017-11-01
Micro Focus - Atlas - 2.0,Micro Focus,Atlas,2.0,2015-08-11,2017-11-01
Micro Focus - Atlas - 2.3,Micro Focus,Atlas,2.3,2015-02-23,2017-11-01
Micro Focus - Atlas - 3.2,Micro Focus,Atlas,3.2,2016-06-10,2018-11-01
Micro Focus - Atlas - 3.1,Micro Focus,Atlas,3.1,2016-03-24,2018-11-01
Micro Focus - Atlas - 3.0,Micro Focus,Atlas,3.0,2016-02-23,2018-11-01
Micro Focus - Atlas - 4.3,Micro Focus,Atlas,4.3,2017-09-15,2020-12-31
Micro Focus - Atlas - 4.2,Micro Focus,Atlas,4.2,2017-05-19,2020-12-31
Micro Focus - Atlas - 4.1,Micro Focus,Atlas,4.1,2017-02-09,2019-11-25
Micro Focus - Atlas - 4.0,Micro Focus,Atlas,4.0,2016-11-25,2019-11-25
Micro Focus - Atlas - 5.0,Micro Focus,Atlas,5.0,2018-02-08,2020-12-31
Micro Focus - Atlas - 5.1,Micro Focus,Atlas,5.1,2012-07-06,2020-12-31
Micro Focus - BackupNavigator - 10.6,Micro Focus,BackupNavigator,10.6,2019-12-13,2022-12-31
Micro Focus - BackupNavigator5x - 10.5,Micro Focus,BackupNavigator5x,10.5,2019-08-23,2022-09-30
Micro Focus - BackupNavigator4x - 10.4,Micro Focus,BackupNavigator4x,10.4,2019-05-24,2022-06-30
Micro Focus - BackupNavigator3x - 10.3,Micro Focus,BackupNavigator3x,10.3,2019-03-04,2022-03-31
Micro Focus - BackupNavigator2x - 10.2,Micro Focus,BackupNavigator2x,10.2,2018-12-06,2021-12-31
Micro Focus - BackupNavigator1x - 10.1,Micro Focus,BackupNavigator1x,10.1,2018-09-17,2021-09-30
Micro Focus - BackupNavigator9x - 9.9,Micro Focus,BackupNavigator9x,9.9,2018-03-30,2021-04-30
Micro Focus - BackupNavigator8x - 9.8,Micro Focus,BackupNavigator8x,9.8,2017-12-08,2020-12-31
Micro Focus - BackupNavigator7x - 9.7,Micro Focus,BackupNavigator7x,9.7,2017-10-09,2020-10-31
Micro Focus - BackupNavigator6x - 9.6,Micro Focus,BackupNavigator6x,9.6,2017-06-30,2020-07-31
Micro Focus - BackupNavigator5x - 9.5,Micro Focus,BackupNavigator5x,9.5,2016-11-21,2019-11-30
Micro Focus - BackupNavigator4x - 9.4,Micro Focus,BackupNavigator4x,9.4,2016-06-30,2019-07-31
Micro Focus - BackupNavigator3x - 9.3,Micro Focus,BackupNavigator3x,9.3,2015-12-03,2018-12-31
Micro Focus - BackupNavigator2x - 9.2,Micro Focus,BackupNavigator2x,9.2,2015-07-15,2018-07-31
Micro Focus - BackupNavigator1x - 9.1,Micro Focus,BackupNavigator1x,9.1,2015-04-17,2018-04-30
Micro Focus - BackupNavigator0x - 9.0,Micro Focus,BackupNavigator0x,9.0,2014-12-19,2017-12-31
Micro Focus - BESAppServerEdition - 5.1,Micro Focus,BESAppServerEdition,5.1,,2010-01-31
Micro Focus - BESAppServerEdition - 5.2,Micro Focus,BESAppServerEdition,5.2,,2010-01-31
Micro Focus - BESAppServerEdition - 6.0,Micro Focus,BESAppServerEdition,6.0,,2010-01-31
Micro Focus - BESAppServerEdition - 6.5,Micro Focus,BESAppServerEdition,6.5,,2010-01-31
Micro Focus - BESVisiBrokerEdition - 5.1,Micro Focus,BESVisiBrokerEdition,5.1,,
Micro Focus - BESVisiBrokerEdition - 5.2,Micro Focus,BESVisiBrokerEdition,5.2,,
Micro Focus - Boomerang - 8.0,Micro Focus,Boomerang,8.0,,
Micro Focus - Boomerang - 8.0,Micro Focus,Boomerang,8.0,,
Micro Focus - Boomerang - 8.0,Micro Focus,Boomerang,8.0,,
Micro Focus - Boomerang - 8.0,Micro Focus,Boomerang,8.0,,
Micro Focus - BorlandApplicationServer - 6.6,Micro Focus,BorlandApplicationServer,6.6,,2012-01-31
Micro Focus - BorlandApplicationServer - 6.7,Micro Focus,BorlandApplicationServer,6.7,,2012-01-31
Micro Focus - BtrieveInterface - 10.4.0,Micro Focus,BtrieveInterface,10.4.0,2021-04-29,
Micro Focus - BtrieveInterface - 10.3,Micro Focus,BtrieveInterface,10.3,2020-06-30,2021-11-30
Micro Focus - BtrieveInterface - 10.3,Micro Focus,BtrieveInterface,10.3,2019-11-27,2021-04-30
Micro Focus - BtrieveInterface - 10.0,Micro Focus,BtrieveInterface,10.0,,
Micro Focus - BtrieveInterface - 10.0,Micro Focus,BtrieveInterface,10.0,,
Micro Focus - BtrieveInterface - 10.1,Micro Focus,BtrieveInterface,10.1,,
Micro Focus - BtrieveInterface - 10.1,Micro Focus,BtrieveInterface,10.1,,
Micro Focus - BtrieveInterface - 10.2,Micro Focus,BtrieveInterface,10.2,,
Micro Focus - BtrieveInterface - 10.2,Micro Focus,BtrieveInterface,10.2,,
Micro Focus - BtrieveInterface - 4.3,Micro Focus,BtrieveInterface,4.3,,2006-10-31
Micro Focus - BtrieveInterface - 5.0,Micro Focus,BtrieveInterface,5.0,,2006-10-31
Micro Focus - BtrieveInterface - 6.1,Micro Focus,BtrieveInterface,6.1,,2008-12-31
Micro Focus - BtrieveInterface - 7.0,Micro Focus,BtrieveInterface,7.0,,2010-12-31
Micro Focus - BtrieveInterface - 7.2,Micro Focus,BtrieveInterface,7.2,,2010-12-31
Micro Focus - BtrieveInterface - 8.0,Micro Focus,BtrieveInterface,8.0,,2017-02-28
Micro Focus - BtrieveInterface - 8.0,Micro Focus,BtrieveInterface,8.0,,2017-02-28
Micro Focus - BtrieveInterface - 9.0,Micro Focus,BtrieveInterface,9.0,,
Micro Focus - BtrieveInterface - 9.0,Micro Focus,BtrieveInterface,9.0,,
Micro Focus - BtrieveInterface - 9.1,Micro Focus,BtrieveInterface,9.1,,
Micro Focus - BtrieveInterface - 9.1,Micro Focus,BtrieveInterface,9.1,,
Micro Focus - BtrieveInterface - 9.1,Micro Focus,BtrieveInterface,9.1,,
Micro Focus - BtrieveInterface - 9.12.1,Micro Focus,BtrieveInterface,9.12.1,,
Micro Focus - BtrieveInterface - 9.2,Micro Focus,BtrieveInterface,9.2,,
Micro Focus - BtrieveInterface - 9.2,Micro Focus,BtrieveInterface,9.2,,
Micro Focus - BtrieveInterface - 9.2,Micro Focus,BtrieveInterface,9.2,,
Micro Focus - BtrieveInterface - 9.2,Micro Focus,BtrieveInterface,9.2,,
Micro Focus - BtrieveInterface - 9.2,Micro Focus,BtrieveInterface,9.2,,
Micro Focus - BtrieveInterface - 9.2,Micro Focus,BtrieveInterface,9.2,,
Micro Focus - Builder - 3.1,Micro Focus,Builder,3.1,,2008-05-17
Micro Focus - Builder - 4.1,Micro Focus,Builder,4.1,,2010-02-01
Micro Focus - Builder - 41.1,Micro Focus,Builder,41.1,,2010-02-01
Micro Focus - Builder - 0.1,Micro Focus,Builder,0.1,,2006-01-07
Micro Focus - Builder - 0.1,Micro Focus,Builder,0.1,,2006-01-07
Micro Focus - Builder - 0.2.0,Micro Focus,Builder,0.2.0,,2006-01-07
Micro Focus - BusinessContinuityClusteringBCC - 1.21.2,Micro Focus,BusinessContinuityClusteringBCC,1.21.2,2009-02-05,2013-07-31
Micro Focus - BusinessContinuityClusteringBCC - 1.11.1,Micro Focus,BusinessContinuityClusteringBCC,1.11.1,2007-01-12,2010-03-07
Micro Focus - BusinessContinuityClusteringBCC - 1.01.0,Micro Focus,BusinessContinuityClusteringBCC,1.01.0,2004-08-24,2009-08-31
Micro Focus - BusinessContinuityClusteringBCC - 2.02.0,Micro Focus,BusinessContinuityClusteringBCC,2.02.0,2013-07-03,2019-12-31
Micro Focus - BusinessExperienceManager - 4.7,Micro Focus,BusinessExperienceManager,4.7,2010-02-05,2013-02-05
Micro Focus - BusinessExperienceManager - 4.6,Micro Focus,BusinessExperienceManager,4.6,2009-06-30,2011-06-30
Micro Focus - BusinessExperienceManager - 4.5,Micro Focus,BusinessExperienceManager,4.5,2008-02-08,2010-06-30
Micro Focus - BusinessExperienceManager - 4.0,Micro Focus,BusinessExperienceManager,4.0,2006-09-17,2009-08-08
Micro Focus - BusinessProcessMonitor5x - 9.5,Micro Focus,BusinessProcessMonitor5x,9.5,2018-05-29,2023-12-31
Micro Focus - BusinessProcessMonitor4x - 9.4,Micro Focus,BusinessProcessMonitor4x,9.4,2017-08-17,2021-08-31
Micro Focus - BusinessProcessMonitor3x - 9.3,Micro Focus,BusinessProcessMonitor3x,9.3,2016-07-28,2020-08-31
Micro Focus - BusinessProcessTesting5x - 11.5,Micro Focus,BusinessProcessTesting5x,11.5,2013-05-28,2017-05-31
Micro Focus - BusinessProcessTesting0x - 11.0,Micro Focus,BusinessProcessTesting0x,11.0,2011-01-25,2015-01-31
Micro Focus - BusinessServiceLevelManager - 4.7,Micro Focus,BusinessServiceLevelManager,4.7,2010-02-05,2013-02-05
Micro Focus - BusinessServiceLevelManager - 4.6,Micro Focus,BusinessServiceLevelManager,4.6,2009-06-30,2011-06-30
Micro Focus - BusinessServiceLevelManager - 4.5,Micro Focus,BusinessServiceLevelManager,4.5,2008-02-08,2010-06-30
Micro Focus - BusinessServiceLevelManager - 4.0,Micro Focus,BusinessServiceLevelManager,4.0,2006-09-17,2009-08-08
Micro Focus - BusinessServiceManager - 4.7,Micro Focus,BusinessServiceManager,4.7,2010-02-05,2013-02-05
Micro Focus - BusinessServiceManager - 4.6,Micro Focus,BusinessServiceManager,4.6,2009-06-30,2011-06-30
Micro Focus - BusinessServiceManager - 4.5,Micro Focus,BusinessServiceManager,4.5,2008-02-08,2010-06-30
Micro Focus - BusinessServiceManager - 4.0,Micro Focus,BusinessServiceManager,4.0,2006-09-17,2009-08-08
Micro Focus - CISAMInterface - 10.4.0,Micro Focus,CISAMInterface,10.4.0,2021-04-29,
Micro Focus - CISAMInterface - 10.3,Micro Focus,CISAMInterface,10.3,2020-06-30,2021-11-30
Micro Focus - CISAMInterface - 10.3,Micro Focus,CISAMInterface,10.3,2019-11-27,2021-04-30
Micro Focus - CISAMInterface - 10.0,Micro Focus,CISAMInterface,10.0,,
Micro Focus - CISAMInterface - 10.0,Micro Focus,CISAMInterface,10.0,,
Micro Focus - CISAMInterface - 10.1,Micro Focus,CISAMInterface,10.1,,
Micro Focus - CISAMInterface - 10.1,Micro Focus,CISAMInterface,10.1,,
Micro Focus - CISAMInterface - 10.2,Micro Focus,CISAMInterface,10.2,,
Micro Focus - CISAMInterface - 10.2,Micro Focus,CISAMInterface,10.2,,
Micro Focus - CISAMInterface - 7.0,Micro Focus,CISAMInterface,7.0,,2010-12-31
Micro Focus - CISAMInterface - 7.2,Micro Focus,CISAMInterface,7.2,,2010-12-31
Micro Focus - CISAMInterface - 9.0,Micro Focus,CISAMInterface,9.0,,
Micro Focus - CISAMInterface - 9.0,Micro Focus,CISAMInterface,9.0,,
Micro Focus - CISAMInterface - 9.1,Micro Focus,CISAMInterface,9.1,,
Micro Focus - CISAMInterface - 9.1,Micro Focus,CISAMInterface,9.1,,
Micro Focus - CISAMInterface - 9.1,Micro Focus,CISAMInterface,9.1,,
Micro Focus - CISAMInterface - 9.12.1,Micro Focus,CISAMInterface,9.12.1,,
Micro Focus - CISAMInterface - 9.2,Micro Focus,CISAMInterface,9.2,,
Micro Focus - CISAMInterface - 9.2,Micro Focus,CISAMInterface,9.2,,
Micro Focus - CISAMInterface - 9.2,Micro Focus,CISAMInterface,9.2,,
Micro Focus - CISAMInterface - 9.2,Micro Focus,CISAMInterface,9.2,,
Micro Focus - CISAMInterface - 9.2,Micro Focus,CISAMInterface,9.2,,
Micro Focus - CaliberAnalystR2 - 2006,Micro Focus,CaliberAnalystR2,2006,,2014-01-01
Micro Focus - CaliberAnalyst - 2006,Micro Focus,CaliberAnalyst,2006,,2014-01-01
Micro Focus - CaliberAnalyst - 2008,Micro Focus,CaliberAnalyst,2008,,2014-01-01
Micro Focus - CaliberDefineITR2 - 2008,Micro Focus,CaliberDefineITR2,2008,,2014-01-01
Micro Focus - CaliberDefineITSP1 - 2008,Micro Focus,CaliberDefineITSP1,2008,,2014-01-01
Micro Focus - CaliberDefineIT - 2008,Micro Focus,CaliberDefineIT,2008,,2014-01-01
Micro Focus - CaliberRDMUpdate - 10.1,Micro Focus,CaliberRDMUpdate,10.1,2012-07-06,2015-07-31
Micro Focus - CaliberRDM - 10.1,Micro Focus,CaliberRDM,10.1,2012-02-17,2015-07-31
Micro Focus - CaliberRMUpdate - 10.1,Micro Focus,CaliberRMUpdate,10.1,2012-07-06,2015-07-31
Micro Focus - CaliberRM - 10.1,Micro Focus,CaliberRM,10.1,2012-02-17,2015-07-31
Micro Focus - CaliberRM - 11.5,Micro Focus,CaliberRM,11.5,2016-10-28,2021-12-31
Micro Focus - CaliberRM - 11.4,Micro Focus,CaliberRM,11.4,2014-11-28,2020-12-31
Micro Focus - CaliberRM - 11.3,Micro Focus,CaliberRM,11.3,2014-01-24,2020-12-31
Micro Focus - CaliberRM - 11.2,Micro Focus,CaliberRM,11.2,2013-09-20,2020-12-31
Micro Focus - CaliberRM - 11.1,Micro Focus,CaliberRM,11.1,2013-06-24,2020-12-31
Micro Focus - CaliberRM - 11.0,Micro Focus,CaliberRM,11.0,2012-09-28,2017-01-31
Micro Focus - CaliberRMR2 - 2005,Micro Focus,CaliberRMR2,2005,,2008-09-15
Micro Focus - CaliberRM - 2005,Micro Focus,CaliberRM,2005,,2007-06-30
Micro Focus - CaliberRMR2 - 2006,Micro Focus,CaliberRMR2,2006,,2010-07-30
Micro Focus - CaliberRM - 2006,Micro Focus,CaliberRM,2006,,2010-06-30
Micro Focus - CaliberRM - 2008,Micro Focus,CaliberRM,2008,,2010-12-31
Micro Focus - CaliberRMR2 - 2008,Micro Focus,CaliberRMR2,2008,,2010-12-31
Micro Focus - CaliberRMSP1 - 2008,Micro Focus,CaliberRMSP1,2008,,2015-07-31
Micro Focus - CaliberRM - 2008,Micro Focus,CaliberRM,2008,,2010-12-31
Micro Focus - CenterManagementQualityCenter2x - 9.2,Micro Focus,CenterManagementQualityCenter2x,9.2,2013-02-28,2017-02-28
Micro Focus - CenterManagementQualityCenter1x - 9.1,Micro Focus,CenterManagementQualityCenter1x,9.1,2010-09-01,2014-09-30
Micro Focus - ChangeGuardian - 4.2,Micro Focus,ChangeGuardian,4.2,2015-12-18,2018-09-30
Micro Focus - ChangeGuardian - 4.1,Micro Focus,ChangeGuardian,4.1,2014-04-09,2016-12-31
Micro Focus - ChangeGuardian - 4.0,Micro Focus,ChangeGuardian,4.0,2013-04-05,2015-04-30
Micro Focus - ChangeGuardian - 5.2,Micro Focus,ChangeGuardian,5.2,2019-12-13,2021-07-31
Micro Focus - ChangeGuardian - 5.1,Micro Focus,ChangeGuardian,5.1,2018-07-27,2020-12-31
Micro Focus - ChangeGuardian - 5.0,Micro Focus,ChangeGuardian,5.0,2017-09-18,2019-07-31
Micro Focus - ChangeGuardian - 6.1,Micro Focus,ChangeGuardian,6.1,2021-03-04,2023-07-31
Micro Focus - ChangeGuardian - 6.0,Micro Focus,ChangeGuardian,6.0,2020-07-27,2022-03-31
Micro Focus - ChangeManDSR1 - 2009,Micro Focus,ChangeManDSR1,2009,,2006-05-10
Micro Focus - ChangeManDSR2 - 2009,Micro Focus,ChangeManDSR2,2009,,2006-05-10
Micro Focus - ChangeManDS - 4.1,Micro Focus,ChangeManDS,4.1,,2002-07-31
Micro Focus - ChangeManDS - 5.0,Micro Focus,ChangeManDS,5.0,,2004-08-31
Micro Focus - ChangeManDSSP1 - 5.0.S,Micro Focus,ChangeManDSSP1,5.0.S,,2006-05-10
Micro Focus - ChangeManDS - 6.0,Micro Focus,ChangeManDS,6.0,,2006-02-24
Micro Focus - ChangeManDS - 6.1,Micro Focus,ChangeManDS,6.1,,2006-02-24
Micro Focus - ChangeManDS - 7.0,Micro Focus,ChangeManDS,7.0,,2006-05-10
Micro Focus - ChangeManDS - 7.1,Micro Focus,ChangeManDS,7.1,,2006-05-10
Micro Focus - ChangeManDS - 7.2,Micro Focus,ChangeManDS,7.2,,2006-05-10
Micro Focus - ChangeManECP - 1.0,Micro Focus,ChangeManECP,1.0,,2003-12-31
Micro Focus - ChangeManECP - 2.0,Micro Focus,ChangeManECP,2.0,,2007-09-15
Micro Focus - ChangeManECP - 2.1,Micro Focus,ChangeManECP,2.1,,2007-09-15
Micro Focus - ChangeManSSM - 3.2,Micro Focus,ChangeManSSM,3.2,2003-06-01,2005-03-31
Micro Focus - ChangeManSSM - 1.3,Micro Focus,ChangeManSSM,1.3,1999-07-01,2003-03-31
Micro Focus - ChangeManSSM - 1.2,Micro Focus,ChangeManSSM,1.2,1999-06-01,2003-03-31
Micro Focus - ChangeManSSM - 1.1,Micro Focus,ChangeManSSM,1.1,1999-05-01,2003-03-31
Micro Focus - ChangeManSSM - 8.6,Micro Focus,ChangeManSSM,8.6,2021-01-25,
Micro Focus - ChangeManSSM - 5.2,Micro Focus,ChangeManSSM,5.2,2017-03-27,2021-01-31
Micro Focus - ChangeManZMF - 1.4.0,Micro Focus,ChangeManZMF,1.4.0,2018-07-30,2020-09-30
Micro Focus - ChangeManZMF - 1.4,Micro Focus,ChangeManZMF,1.4,2017-09-28,2020-09-30
Micro Focus - ChangeManZMF - 1.3,Micro Focus,ChangeManZMF,1.3,2017-03-30,2019-12-31
Micro Focus - ChangeManZMF - 1.2,Micro Focus,ChangeManZMF,1.2,2016-09-29,2019-06-30
Micro Focus - ChangeManZMF - 1.1.1,Micro Focus,ChangeManZMF,1.1.1,2016-05-26,2018-12-31
Micro Focus - ChangeManZMF - 1.1,Micro Focus,ChangeManZMF,1.1,2016-03-17,2018-12-31
Micro Focus - ChangeManZMF - 1.0.1,Micro Focus,ChangeManZMF,1.0.1,2015-08-27,2018-12-31
Micro Focus - ChangeManZMF - 1.0,Micro Focus,ChangeManZMF,1.0,2014-10-29,2018-12-31
Micro Focus - ChangeManZMFClientPack - 1.4,Micro Focus,ChangeManZMFClientPack,1.4,2017-09-28,2020-09-30
Micro Focus - ChangeManZMFClientPack - 1.3,Micro Focus,ChangeManZMFClientPack,1.3,2017-03-30,2019-12-31
Micro Focus - ChangeManZMFClientPack - 1.2,Micro Focus,ChangeManZMFClientPack,1.2,2016-09-29,2019-06-30
Micro Focus - ChangeManZMFClientPack - 1.1.1,Micro Focus,ChangeManZMFClientPack,1.1.1,2016-05-26,2018-12-31
Micro Focus - ChangeManZMFClientPack - 1.1,Micro Focus,ChangeManZMFClientPack,1.1,2016-03-17,2018-12-31
Micro Focus - ChangeManZMFClientPack - 1.0.1,Micro Focus,ChangeManZMFClientPack,1.0.1,2015-08-27,2018-12-31
Micro Focus - ChangeManZMFClientPack - 1.0,Micro Focus,ChangeManZMFClientPack,1.0,2014-10-29,2018-12-31
Micro Focus - CloudAutomationSuiteExpressEdition - 2015.0,Micro Focus,CloudAutomationSuiteExpressEdition,2015.0,2015-06-29,2018-07-31
Micro Focus - CloudAutomationSuiteExpressEdition - 2014.1,Micro Focus,CloudAutomationSuiteExpressEdition,2014.1,2014-12-04,2017-12-31
Micro Focus - CloudAutomationSuiteExpressEdition - 2014.0,Micro Focus,CloudAutomationSuiteExpressEdition,2014.0,2014-07-23,2017-07-31
Micro Focus - CloudAutomationSuitePremiumEdition - 2015.0,Micro Focus,CloudAutomationSuitePremiumEdition,2015.0,2015-06-29,2018-07-31
Micro Focus - CloudAutomationSuiteUltimateEdition - 2015.0,Micro Focus,CloudAutomationSuiteUltimateEdition,2015.0,2015-06-29,2018-07-31
Micro Focus - CloudOptimizerCOpt1x - 3.1,Micro Focus,CloudOptimizerCOpt1x,3.1,2021-04-12,2025-04-30
Micro Focus - CloudOptimizer0x - 3.0,Micro Focus,CloudOptimizer0x,3.0,2016-01-26,2021-01-31
Micro Focus - CloudOptimizer - 3.0,Micro Focus,CloudOptimizer,3.0,,2021-10-31
Micro Focus - CloudServiceAutomationFoundation - 4.9,Micro Focus,CloudServiceAutomationFoundation,4.9,2020-03-17,2023-03-31
Micro Focus - CloudServiceAutomationFoundation - 4.94.9,Micro Focus,CloudServiceAutomationFoundation,4.94.9,2018-03-02,2021-03-31
Micro Focus - CloudServiceAutomationFoundation8x - 4.8,Micro Focus,CloudServiceAutomationFoundation8x,4.8,2017-01-25,2020-02-28
Micro Focus - CloudServiceAutomationFoundation7x - 4.7,Micro Focus,CloudServiceAutomationFoundation7x,4.7,2016-07-26,2019-08-31
Micro Focus - CloudAccess - 2.3,Micro Focus,CloudAccess,2.3,2015-12-04,2017-10-30
Micro Focus - CloudAccess - 2.2,Micro Focus,CloudAccess,2.2,2015-03-15,2016-12-30
Micro Focus - CloudAccess - 2.1,Micro Focus,CloudAccess,2.1,2014-07-01,2016-03-30
Micro Focus - CloudAccess - 2.0,Micro Focus,CloudAccess,2.0,2013-12-16,2015-07-30
Micro Focus - CloudAccess - 3.0.2,Micro Focus,CloudAccess,3.0.2,2017-02-21,2019-10-30
Micro Focus - CloudAccess - 3.0.1,Micro Focus,CloudAccess,3.0.1,2016-11-11,2018-02-28
Micro Focus - CloudAccess - 3.0,Micro Focus,CloudAccess,3.0,2016-10-27,2017-11-30
Micro Focus - COBOLRuntimeR4Update - 20102010,Micro Focus,COBOLRuntimeR4Update,20102010,2011-11-24,2013-12-31
Micro Focus - COBOLRuntimeR4Update - 20102010,Micro Focus,COBOLRuntimeR4Update,20102010,2011-09-22,2013-12-31
Micro Focus - COBOLRuntimeR4 - 20102010,Micro Focus,COBOLRuntimeR4,20102010,2011-06-21,2013-12-31
Micro Focus - COBOLRuntimeR3 - 20102010,Micro Focus,COBOLRuntimeR3,20102010,2011-01-19,2013-12-31
Micro Focus - COBOLRuntimeR2 - 20102010,Micro Focus,COBOLRuntimeR2,20102010,2010-08-15,2013-12-31
Micro Focus - COBOLRuntime - 20102010,Micro Focus,COBOLRuntime,20102010,2010-05-23,2013-12-31
Micro Focus - COBOLAnalyzer - 6.0,Micro Focus,COBOLAnalyzer,6.0,2020-06-18,2024-06-30
Micro Focus - COBOLAnalyzer - 5.0,Micro Focus,COBOLAnalyzer,5.0,2019-06-21,2023-06-30
Micro Focus - COBOLAnalyzer - 4.0,Micro Focus,COBOLAnalyzer,4.0,2018-06-21,2022-06-30
Micro Focus - COBOLAnalyzer - 2.1,Micro Focus,COBOLAnalyzer,2.1,2017-07-06,2021-07-31
Micro Focus - COBOLAnalyzer - 2.0,Micro Focus,COBOLAnalyzer,2.0,2016-11-30,2020-11-30
Micro Focus - COBOLServerUpdate - 2.3,Micro Focus,COBOLServerUpdate,2.3,2016-10-03,2019-09-30
Micro Focus - COBOLServerUpdate - 2.2,Micro Focus,COBOLServerUpdate,2.2,2014-11-18,2018-07-31
Micro Focus - COBOLServerUpdate - 2.1,Micro Focus,COBOLServerUpdate,2.1,2013-04-05,2017-05-31
Micro Focus - COBOLServer - 2.0,Micro Focus,COBOLServer,2.0,2012-04-27,2014-12-31
Micro Focus - Codar9x - 1.9,Micro Focus,Codar9x,1.9,2018-03-02,2021-03-31
Micro Focus - Codar8x - 1.8,Micro Focus,Codar8x,1.8,2017-01-25,2020-02-28
Micro Focus - Codar7x - 1.7,Micro Focus,Codar7x,1.7,2016-07-26,2019-08-31
Micro Focus - Comparex - 8.1,Micro Focus,Comparex,8.1,2017-09-27,
Micro Focus - ConfigurationBuilder - 3.0,Micro Focus,ConfigurationBuilder,3.0,,2013-07-24
Micro Focus - ConfigurationBuilder - 4.0,Micro Focus,ConfigurationBuilder,4.0,,2013-07-24
Micro Focus - ConfigurationBuilderGA - 4.1,Micro Focus,ConfigurationBuilderGA,4.1,,2013-07-24
Micro Focus - ConfigurationBuilder - 5.0,Micro Focus,ConfigurationBuilder,5.0,,2013-07-24
Micro Focus - ConfigurationBuilder - 5.1,Micro Focus,ConfigurationBuilder,5.1,,2013-07-24
Micro Focus - ConfigurationBuilderGA - 5.1,Micro Focus,ConfigurationBuilderGA,5.1,,2013-07-24
Micro Focus - Connect - 1.6,Micro Focus,Connect,1.6,2015-10-23,2019-11-01
Micro Focus - Connect - 1.5,Micro Focus,Connect,1.5,2015-08-24,2017-11-01
Micro Focus - Connect - 1.4,Micro Focus,Connect,1.4,2015-03-25,2017-11-01
Micro Focus - Connect - 1.3,Micro Focus,Connect,1.3,,2017-11-01
Micro Focus - Connect - 3.1.1,Micro Focus,Connect,3.1.1,2018-12-05,2020-02-28
Micro Focus - Connect - 3.1,Micro Focus,Connect,3.1,2018-08-31,2020-02-28
Micro Focus - Connect - 3.0,Micro Focus,Connect,3.0,2018-02-08,2020-02-28
Micro Focus - ConnectSP1 - 4.4,Micro Focus,ConnectSP1,4.4,2021-06-04,2022-12-31
Micro Focus - Connect - 4.4,Micro Focus,Connect,4.4,2020-12-14,2022-12-31
Micro Focus - Connect - 4.3,Micro Focus,Connect,4.3,2020-03-31,2022-04-30
Micro Focus - Connect - 4.2,Micro Focus,Connect,4.2,2019-08-29,2021-08-31
Micro Focus - Connect - 4.1,Micro Focus,Connect,4.1,2019-05-30,2021-05-31
Micro Focus - Connect - 4.0,Micro Focus,Connect,4.0,2019-02-08,2021-02-28
Micro Focus - ConnectIt9x - 9.9,Micro Focus,ConnectIt9x,9.9,2020-12-17,2024-12-31
Micro Focus - ConnectIt8x - 9.8,Micro Focus,ConnectIt8x,9.8,2018-01-24,2022-02-28
Micro Focus - ConnectIt7x - 9.7,Micro Focus,ConnectIt7x,9.7,2016-11-04,2020-11-30
Micro Focus - ConnectIt6x - 9.6,Micro Focus,ConnectIt6x,9.6,2014-12-18,2018-12-31
Micro Focus - ConnectIt3x - 9.3,Micro Focus,ConnectIt3x,9.3,,2014-12-31
Micro Focus - ConnectedBackup - 8.11.x,Micro Focus,ConnectedBackup,8.11.x,2018-10-30,2021-11-30
Micro Focus - ConnectedBackup - 8.10.x,Micro Focus,ConnectedBackup,8.10.x,2018-08-08,2021-08-31
Micro Focus - ConnectedBackup9x - 8.9,Micro Focus,ConnectedBackup9x,8.9,2018-04-06,2021-04-30
Micro Focus - ConnectedBackup8x - 8.8.8,Micro Focus,ConnectedBackup8x,8.8.8,2017-12-07,2020-07-31
Micro Focus - ConnectedBackup7x - 8.8.7,Micro Focus,ConnectedBackup7x,8.8.7,2017-07-17,2020-07-31
Micro Focus - ConnectedBackup6x - 8.8.6,Micro Focus,ConnectedBackup6x,8.8.6,2017-02-14,2020-02-28
Micro Focus - ConnectedBackup5x - 8.8.5,Micro Focus,ConnectedBackup5x,8.8.5,2016-06-28,2019-06-30
Micro Focus - ConnectedBackup4x - 8.8.4,Micro Focus,ConnectedBackup4x,8.8.4,,2017-11-30
Micro Focus - ConnectedBackup - 9.0.x,Micro Focus,ConnectedBackup,9.0.x,2019-05-23,2022-06-30
Micro Focus - ConnectedBackupAgents1x - 8.6.3.1,Micro Focus,ConnectedBackupAgents1x,8.6.3.1,2017-11-16,2020-11-30
Micro Focus - ConnectedBackupAgents0x - 8.6.3.1,Micro Focus,ConnectedBackupAgents0x,8.6.3.1,,2018-12-31
Micro Focus - ConnectedBackupAgents8x - 8.6.3.8,Micro Focus,ConnectedBackupAgents8x,8.6.3.8,,2017-11-30
Micro Focus - ConnectedBackupAgents9x - 8.6.3.9,Micro Focus,ConnectedBackupAgents9x,8.6.3.9,,2018-07-31
Micro Focus - ConsoleModeRuntime - 10.4.0,Micro Focus,ConsoleModeRuntime,10.4.0,2021-04-29,
Micro Focus - ConsoleModeRuntime - 10.3,Micro Focus,ConsoleModeRuntime,10.3,2020-06-30,2021-11-30
Micro Focus - ConsoleModeRuntime - 10.3,Micro Focus,ConsoleModeRuntime,10.3,2019-11-27,2021-04-30
Micro Focus - ConsoleModeRuntime - 10.0,Micro Focus,ConsoleModeRuntime,10.0,,
Micro Focus - ConsoleModeRuntime - 10.0,Micro Focus,ConsoleModeRuntime,10.0,,
Micro Focus - ConsoleModeRuntime - 10.1,Micro Focus,ConsoleModeRuntime,10.1,,
Micro Focus - ConsoleModeRuntime - 10.1,Micro Focus,ConsoleModeRuntime,10.1,,
Micro Focus - ConsoleModeRuntime - 10.2,Micro Focus,ConsoleModeRuntime,10.2,,
Micro Focus - ConsoleModeRuntime - 10.2,Micro Focus,ConsoleModeRuntime,10.2,,
Micro Focus - ConsoleModeRuntime - 9.0,Micro Focus,ConsoleModeRuntime,9.0,,
Micro Focus - ConsoleModeRuntime - 9.0,Micro Focus,ConsoleModeRuntime,9.0,,
Micro Focus - ConsoleModeRuntime - 9.1,Micro Focus,ConsoleModeRuntime,9.1,,
Micro Focus - ConsoleModeRuntime - 9.1,Micro Focus,ConsoleModeRuntime,9.1,,
Micro Focus - ConsoleModeRuntime - 9.1,Micro Focus,ConsoleModeRuntime,9.1,,
Micro Focus - ConsoleModeRuntime - 9.12.1,Micro Focus,ConsoleModeRuntime,9.12.1,,
Micro Focus - ConsoleModeRuntime - 9.2,Micro Focus,ConsoleModeRuntime,9.2,,
Micro Focus - ConsoleModeRuntime - 9.2,Micro Focus,ConsoleModeRuntime,9.2,,
Micro Focus - ConsoleModeRuntime - 9.2,Micro Focus,ConsoleModeRuntime,9.2,,
Micro Focus - ConsoleModeRuntime - 9.2,Micro Focus,ConsoleModeRuntime,9.2,,
Micro Focus - ConsoleModeRuntime - 9.2,Micro Focus,ConsoleModeRuntime,9.2,,
Micro Focus - ConsoleModeRuntime - 9.2,Micro Focus,ConsoleModeRuntime,9.2,,
Micro Focus - ContentManager - 10.0,Micro Focus,ContentManager,10.0,2021-03-02,2024-03-31
Micro Focus - ContentManager4x - 9.4,Micro Focus,ContentManager4x,9.4,2019-08-30,2022-09-30
Micro Focus - ContentManager - 9.3.x,Micro Focus,ContentManager,9.3.x,2018-08-01,2021-08-31
Micro Focus - ContentManager2x - 9.2,Micro Focus,ContentManager2x,9.2,2017-11-30,2020-12-31
Micro Focus - ContentManager1x - 9.1,Micro Focus,ContentManager1x,9.1,2016-11-29,2020-02-28
Micro Focus - ContentManager0x - 9.0,Micro Focus,ContentManager0x,9.0,2016-07-11,2019-09-30
Micro Focus - ControlPoint4x - 4.4,Micro Focus,ControlPoint4x,4.4,,2017-12-31
Micro Focus - ControlPoint5x - 4.5,Micro Focus,ControlPoint5x,4.5,,2018-03-31
Micro Focus - ControlPoint6x - 4.6,Micro Focus,ControlPoint6x,4.6,,2018-06-30
Micro Focus - ControlPoint - 5.9,Micro Focus,ControlPoint,5.9,2020-08-31,2023-09-30
Micro Focus - ControlPoint8x - 5.8,Micro Focus,ControlPoint8x,5.8,2019-12-20,2023-01-31
Micro Focus - ControlPoint7x - 5.7,Micro Focus,ControlPoint7x,5.7,2019-08-01,2022-08-31
Micro Focus - ControlPoint - 5.6.x,Micro Focus,ControlPoint,5.6.x,2018-08-01,2021-08-31
Micro Focus - ControlPoint5x - 5.5,Micro Focus,ControlPoint5x,5.5,2017-06-27,2020-06-30
Micro Focus - ControlPoint4x - 5.4,Micro Focus,ControlPoint4x,5.4,2016-11-18,2019-11-30
Micro Focus - ControlPoint1x - 5.1,Micro Focus,ControlPoint1x,5.1,,2018-11-30
Micro Focus - ControlPoint2x - 5.2,Micro Focus,ControlPoint2x,5.2,,2019-03-31
Micro Focus - ControlPoint3x - 5.3,Micro Focus,ControlPoint3x,5.3,,2019-07-31
Micro Focus - CORBAAddCloudContainersVirtualEnvironments - 1.2,Micro Focus,CORBAAddCloudContainersVirtualEnvironments,1.2,2021-05-28,
Micro Focus - CORBAAddCloudContainersVirtualEnvironments - 1.1,Micro Focus,CORBAAddCloudContainersVirtualEnvironments,1.1,2020-05-29,
Micro Focus - CORBAAddCloudContainersVirtualEnvironments - 1.0,Micro Focus,CORBAAddCloudContainersVirtualEnvironments,1.0,2019-11-15,
Micro Focus - CORBAAddREST - 1.1,Micro Focus,CORBAAddREST,1.1,2020-06-15,
Micro Focus - CORBAAddREST - 1.0,Micro Focus,CORBAAddREST,1.0,2019-12-03,
