productName,productFullId,productId
"AAI versions 1, 2, 4, 5",row337,337
Access Governance 7,row341,341
Access Manager 2.3.0,row6314,6314
Access Manager 5,row224,224
AccuRev 5,row356,356
AccuRev 6,row359,359
AccuRev 7,row369,369
AccuRev LDAP Integration 2017 Update 1,row375,375
AccuSync 2018,row387,387
AccuSync 2019,row388,388
Acu4GL for DB2,row390,390
Acu4GL for Informix,row6487,6487
Acu4GL for MS SQL,row6488,6488
Acu4GL for ODBC,row6489,6489
Acu4GL for Oracle,row6491,6491
Acu4GL for Sybase,row6492,6492
AcuBench,row648,648
ACUCOBOL-GT Development System,row703,703
ACUCOBOL-GT Runtime,row786,786
ACUCOBOL-GT Runtime (CGI),row759,759
AcuConnect - Distributed Processing,row868,868
AcuConnect - Thin Client,row907,907
AcuServer,row956,956
AcuSQL Precompiler,row1006,1006
AcuSQL Runtime,row1057,1057
AcuToWeb,row1106,1106
AcuXDBC,row1111,1111
AcuXDBC Enterprise Edition,row1139,1139
AcuXDBC Server,row1167,1167
AD Bridge 1,row1195,1195
AD Bridge 2,row6376,6376
Advanced Authentication Connector for z/OS 1 1.0,row1233,1233
Advanced Authentication Framework 4.10,row1234,1234
Aegis 2,row1238,1238
Aegis 3,row1243,1243
Agile Manager 2,row1256,1256
ALM Dashboard 1 0,row1267,1267
ALM Dashboard 2,row1268,1268
ALM Dashboard 4,row1271,1271
ALM Octane 12,row6497,6497
ALM Octane 15,row6496,6496
ALM Solutions Connector 5,row1274,1274
ALM Solutions Connector 6,row1284,1284
ALM Solutions Connector 6 2,row6281,6281
Alternate Terminal Manager Runtime 10,row1291,1291
Alternate Terminal Manager Runtime 9,row1298,1298
Analyzer Express,row6895,6895
Analyzer Express for Visual Studio 2010 2010 R1,row1314,1314
Application Analyzer,row1319,1319
Application Development Management 2008 R2,row1326,1326
Application Development Management on Demand 2008 R2,row1327,1327
Application Lifecycle Management,row1339,1339
Application Lifecycle Management SaaS,row6959,6959
Application Server 2,row1347,1347
Application Server 3,row1351,1351
Application Server for Net Express 3,row1402,1402
Application Server for Net Express 4.0 00,row1410,1410
Application Server for OCDS,row1355,1355
Application Server for Server Express,row6721,6721
AppManager Analysis Center 2,row1411,1411
AppManager Analysis Center 3,row1413,1413
AppManager Suite 8,row1422,1422
AppManager Suite 9,row1423,1423
AppManager Unix Agent 7,row1424,1424
AppManager Unix Agent 8,row1426,1426
APS for MVS 3,row1430,1430
APS for MVS 4,row1433,1433
APS for MVS 5.0 00,row1436,1436
ArcSight Compliance Packs v1.0,row7493,7493
ArcSight Enterprise Security Manager Compliance Package,row6576,6576
ArcSight Logger Compliance Package,row6577,6577
ArcSight Management Center 3,row7492,7492
ArcSight Smart Connectors 8,row7017,7017
Artix 4.2,row1563,1563
Artix 5,row1564,1564
Asset Manager 4 5,row1572,1572
Asset Manager 5,row1573,1573
Atlas 2,row1598,1598
Atlas 3,row1604,1604
Atlas 4,row1608,1608
Atlas 5,row1613,1613
Atlas 6.0 0,row1616,1616
Attachmate TCP/IP Socket Server 2,row1617,1617
BES AppServer Edition 5,row1641,1641
BES AppServer Edition 6,row1644,1644
BES VisiBroker Edition,row1647,1647
Boomerang 4.0 0,row1654,1654
Boomerang 8,row1655,1655
Borland Application Server 6,row1661,1661
Btrieve Interface,row1681,1681
Builder 6,row1694,1694
Builder 8,row1698,1698
Business Experience Manager 4,row1718,1718
Business Process Testing 11,row1736,1736
Business Service Level Manager 4,row1741,1741
Business Service Manager 4,row1750,1750
C-ISAM Interface,row1870,1870
Center Management for Quality Center 9,row1793,1793
Change Guardian 6,row7014,7014
ChangeMan DS 12,row1807,1807
ChangeMan DS 2009,row1810,1810
ChangeMan DS 5,row1813,1813
ChangeMan ECP 2010 R1,row1822,1822
ChangeMan ECP 3,row1823,1823
ChangeMan M+R 4 1.0,row1827,1827
ChangeMan SSM 2008 R1,row1828,1828
ChangeMan SSM 7,row1829,1829
ChangeMan SSM 8,row1834,1834
ChangeMan ZMF 8 1,row1848,1848
ChangeMan ZMF 8 2,row1857,1857
ChangeMan ZMF Client Pack 8 1,row1859,1859
ChangeMan ZMF Client Pack 8 2,row1867,1867
Cloud Manager 1,row1911,1911
Cloud Manager 2,row1912,1912
CloudAccess 2,row1939,1939
CloudAccess 3,row1944,1944
COBOL 2010 Runtime 2010,row1956,1956
COBOL Analyzer,row6873,6873
COBOL Server 2,row1968,1968
COBOL Server 3.0,row1973,1973
COBOL Server 4.0,row1974,1974
COBOL Server 5.0,row1975,1975
COBOL Server 6.0,row6883,6883
Comparex 8.8,row2001,2001
Configuration Builder 5,row2012,2012
Configuration Builder 7,row2016,2016
Connect 1,row2025,2025
Connect 3,row2030,2030
Connect 4,row2034,2034
Connected Backup 8,row2037,2037
Connected Backup 9,row2046,2046
Connected Backup Agents 8,row2048,2048
Console Mode Runtime,row2071,2071
Content Analytics 1.7x,row2086,2086
Content Manager 10,row7372,7372
Content Manager 9,row2088,2088
ControlPoint 4,row2100,2100
ControlPoint 5,row2104,2104
"CORBA Add-on for Cloud, Containers and Virtual Environments",row6817,6817
CORBA Add-on for REST,row6856,6856
Data Express 3,row2129,2129
Data Express 4.0,row2134,2134
Database Connector for DB2 2,row2180,2180
Database Connector for Microsoft SQL Server 2.2 Update 2,row2183,2183
Database Connector for Oracle 2.2 Update 2,row2184,2184
Database Connectors 2.1 0,row2185,2185
Databridge 6,row2190,2190
Dedicated Master Runtime,row2204,2204
Demand Manager 4 0,row2208,2208
Deployment Automation 5,row2209,2209
Deployment Automation 6,row2214,2214
Development Manager 1,row2227,2227
Development Manager 3 5,row2231,2231
Development Manager 4,row2232,2232
Development Process Management 2008 R2,row2236,2236
Development Process Management 2009 R1,row2237,2237
DevPartner BoundsChecker 11,row2239,2239
DevPartner BoundsChecker 12.0,row230,230
DevPartner CoverageChecker 11,row2243,2243
DevPartner for Visual C++ BoundsChecker Suite 10,row2255,2255
DevPartner for Visual C++ BoundsChecker Suite 11,row2260,2260
DevPartner MemoryChecker 11,row2854,2854
DevPartner PerformanceChecker 11,row2858,2858
DevPartner Studio Professional Edition 10,row2869,2869
DevPartner Studio Professional Edition 11,row2874,2874
DevPartner SystemChecker 11,row2881,2881
Dimensions CM 10,row2888,2888
Dimensions CM 12,row2896,2896
Dimensions CM 14,row2902,2902
Dimensions CM 2009,row2919,2919
Dimensions CM 5,row2932,2932
Dimensions CM 6,row2938,2938
Dimensions CM 7,row2944,2944
Dimensions CM 8,row2950,2950
Dimensions CM 9,row2964,2964
Dimensions CM Replicator 10 1.1,row2969,2969
Dimensions Docker Registry 14,row2970,2970
Dimensions GIT Connector 14,row2973,2973
Dimensions Replicator 10,row2976,2976
Dimensions Replicator 7 1.01,row2979,2979
Dimensions Replicator 9 1.0,row2980,2980
Dimensions RM 10,row2981,2981
Dimensions RM 11,row2989,2989
Dimensions RM 12,row2994,2994
Dimensions RM 2009,row3009,3009
Dimensions RM 2010 R1,row3013,3013
Dimensions RM 4,row3014,3014
Dimensions RM 5,row3018,3018
Dimensions RM 8 5.2,row3022,3022
Dimensions RM 9 1.3,row3023,3023
Directory and Resource Administrator 10,row6747,6747
Directory and Resource Administrator 8,row2271,2271
Directory and Resource Administrator 9,row2275,2275
Dynamic File Services,row2279,2279
Dynamic File Services 2,row2280,2280
Enterprise Analyzer,row6872,6872
Enterprise Analyzer - Enterprise View,row3024,3024
Enterprise Developer 2.1,row3047,3047
Enterprise Developer 2.2,row3048,3048
Enterprise Developer 2.3,row3049,3049
Enterprise Developer 3.0,row3050,3050
Enterprise Developer 4.0,row3051,3051
Enterprise Developer 5.0,row3052,3052
Enterprise Developer 6.0,row96,96
Enterprise Developer Connect 2.2,row3054,3054
Enterprise Developer Connect 2.3,row3055,3055
Enterprise Developer Connect 3.0,row3056,3056
Enterprise Developer Connect 4.0,row3057,3057
Enterprise Developer Connect 5.0,row3058,3058
Enterprise Developer Connect 6.0,row6870,6870
Enterprise Developer for zEnterprise 2.1,row3060,3060
Enterprise Developer for zEnterprise 2.2,row3061,3061
Enterprise Developer for zEnterprise 2.3,row3062,3062
Enterprise Developer for zEnterprise 3.0,row3063,3063
Enterprise Developer for zEnterprise 4.0,row3064,3064
Enterprise Developer for zEnterprise 5.0 0,row3065,3065
Enterprise Developer for zEnterprise 6.0,row6869,6869
Enterprise Server 2.0,row3067,3067
Enterprise Server 2.1,row3068,3068
Enterprise Server 2.2,row3069,3069
Enterprise Server 2.3,row3070,3070
Enterprise Server 3.0,row3071,3071
Enterprise Server 4.0,row3072,3072
Enterprise Server 5.0,row3073,3073
Enterprise Server 6.0,row6868,6868
Enterprise Server for .NET 2.3,row3074,3074
Enterprise Server for .NET 3.0,row3075,3075
Enterprise Server for .NET 4.0,row3076,3076
Enterprise Server for .NET 5.0,row3077,3077
Enterprise Server for .NET 6.0,row6867,6867
Enterprise Sync 2,row3078,3078
Enterprise Test Server 2.0,row3082,3082
Enterprise Test Server 2.1,row3083,3083
Enterprise Test Server 2.2,row3084,3084
Enterprise Test Server 2.3,row3085,3085
Enterprise Test Server 3.0,row3086,3086
Enterprise Test Server 4.0,row3087,3087
Enterprise Test Server 5.0,row3088,3088
Enterprise Test Server 6.0,row6866,6866
Enterprise View,row3089,3089
Enterprise View Express,row6891,6891
EnterpriseLink,row3095,3095
EuroSmart 2.3.44 1.0,row3119,3119
ExpressLane 2.1 1.0,row3120,3120
Extra! 6530 Client Option 9,row2292,2292
Extra! X-treme 9,row2302,2302
File Dynamics 6,row2310,2310
File Reporter,row2312,2312
File Reporter 2,row2313,2313
File Reporter 3,row2314,2314
File Reporter 4,row7482,7482
FileXpress Gateway 1,row2317,2317
Filr 2,row2318,2318
Filr 3,row2319,2319
Filr 4,row2321,2321
Fortify 4,row6583,6583
Fortify Application Express Edition Suite,row6454,6454
Fortify Application Premium Edition Suite,row6455,6455
Fortify Application Ultimate Edition Suite,row6456,6456
Fortify Scanner,row7181,7181
Forum 8,row2325,2325
Functional Testing 11.0x,row3686,3686
GitCentric 2017 1,row3126,3126
Group Policy Administrator 6,row2326,2326
GroupWise 2014,row2337,2337
GroupWise Disaster Recovery 18,row2340,2340
Groupwise Forensics 18,row2341,2341
GroupWise Mailbox Management 18,row2342,2342
GroupWise Reporting and Monitoring 18,row2346,2346
GroupWise TeamWorks 18,row2347,2347
GWAVA 4,row2349,2349
GWAVA 6,row6599,6599
Host Access Analyzer,row7535,7535
Host Access for the Cloud 2,row2351,2351
Host Access Management and Security Server (Access License) 12,row2384,2384
Host Access Management and Security Server - Advanced Authentication Add-On 12,row2353,2353
Host Access Management and Security Server - Automated Sign-On for Mainframe Add-On 12,row2359,2359
Host Access Management and Security Server - PKI Automated Sign-On Add-On 12,row2365,2365
Host Access Management and Security Server - Security Proxy Add-On 12,row2372,2372
Host Access Management and Security Server - Terminal ID Management Add-On 12,row2378,2378
Host Access Management and Security Server 12,row2389,2389
Host Compatibility Option 3.0.08 1.0,row3127,3127
Identity Governance 3,row2399,2399
Identity Manager 4,row2402,2402
IDOL 10,row3719,3719
IDOL 11,row3732,3732
IDOL 12,row3740,3740
iManager 3,row2410,2410
IMS ASCII Option 3.1.55 1.0,row3128,3128
IMS EBCDIC Option 3.1.55 1.0,row3129,3129
IMS Production Option 3.1.55 1.0,row3130,3130
InfoConnect Airlines Gateway 2,row2411,2411
InfoConnect Airlines Gateway 3,row2415,2415
InfoConnect Desktop Pro for Airlines 16,row2451,2451
InfoConnect Desktop Pro for Unisys 16,row2457,2457
InfoConnect Desktop Pro for Unisys with X 16,row2463,2463
InfoConnect Enterprise Edition for Airlines 9,row2469,2469
InfoConnect Enterprise Edition for Airlines Print and Transaction Router (PTR) 9,row2482,2482
InfoConnect Enterprise Edition for Airlines Print and Transaction Router Plus (PTRPlus) 9,row2489,2489
InfoConnect Enterprise Edition for Airlines Print and Transaction Router Server (PTRServer) 9,row2496,2496
InfoConnect Enterprise Edition for Airlines PTR Plus 9,row2503,2503
InfoConnect Enterprise Edition for Airlines PTR Server 9,row2505,2505
InfoConnect Enterprise Edition for Airlines PTR32 9,row2507,2507
"InfoConnect Enterprise Edition for Airlines, IBM and Open Systems 9",row2511,2511
"InfoConnect Enterprise Edition for Unisys, IBM and Open Systems 9",row2539,2539
iPrint Appliance 3,row2561,2561
iPrint Appliance 4,row2562,2562
ISV License Utility 10,row3131,3131
ISV License Utility 9,row3138,3138
Janeva Server 6,row3149,3149
kb-AIM 5,row3152,3152
kb-AIM CMS 3,row3156,3156
kb-AIM CMS 4,row3159,3159
kb-AIM Code for iSeries 3,row3165,3165
kb-AIM Code for iSeries 4.0 00,row3168,3168
kb-AIM Code for zSeries 3,row3169,3169
kb-AIM Code for zSeries 4.0 00,row3172,3172
kb-AIM Data for iSeries 3,row3173,3173
kb-AIM Data for xSeries 3,row3177,3177
kb-AIM Data for zSeries 3,row3180,3180
KeyView 10,row3791,3791
KeyView 11,row3804,3804
KeyView 12,row3812,3812
Legal Hold 3,row3823,3823
Librados 3.4 0,row3185,3185
LoadRunner 11,row3831,3831
LoadRunner Enterprise 2021,row7157,7157
LoadRunner Professional 2021,row7156,7156
Mainframe Express 2.5,row3186,3186
Mainframe Express 3,row6392,6392
Mainframe Express Enterprise Edition 3,row3189,3189
Mainframe Manager 2.0.1 1.0,row3191,3191
Mainframe Suite for IBM Rational Development and Test for System Z 1.0 0,row3192,3192
Meritage 8 0.02,row3193,3193
Messenger 2,row2570,2570
Messenger 3,row2573,2573
Micro Focus Academic Program 2.1 0,row6328,6328
Modernization Workbench,row3223,3223
Modernization Workbench - Architect,row3194,3194
Modernization Workbench - BRM,row3205,3205
Modernization Workbench - Enterprise View,row3216,3216
myCMDB 4,row2576,2576
myMO 4,row2580,2580
myMO Executive Dashboard 4,row2583,2583
Net Express,row6689,6689
Net Express 3,row6306,6306
Net Express 4,row6309,6309
Net Express 5,row6311,6311
Net Express for Eclipse 5.1 WS 9,row3271,3271
Net Express with .NET 4.5 00,row3272,3272
Network Virtualization,row6962,6962
Network Virtualization for LoadRunner and Performance Center,row6963,6963
Network Virtualization for Mobile,row6838,6838
Novell Client for SUSE Linux Enterprise Desktop 10,row2592,2592
Novell Client for SUSE Linux Enterprise Desktop 11,row2593,2593
Novell Client for Windows,row2594,2594
Object COBOL Developer Suite 4,row3273,3273
OnWeb Connectors,row3279,3279
OnWeb Server,row3282,3282
OnWeb Web to Host,row3289,3289
Open PL/I 7,row3313,3313
Open PL/I 8,row3316,3316
Open Workgroup Suite Small Business Edition 2,row2616,2616
OpenFusion CORBA Services,row7510,7510
OpenFusion JacORB,row7511,7511
OpenFusion RTOrb Ada Edition 3.0,row3332,3332
OpenFusion RTOrb Java Edition 1,row3333,3333
OpenFusion Security 3.1 SP5,row3338,3338
OpenFusion TAO 1,row3339,3339
OpenFusion TAO 2,row3343,3343
Operations Center 5,row2619,2619
Optimal Advisor 4,row3349,3349
Optimal Trace Enterprise Edition 5,row3353,3353
Optimal Trace Professional Edition 5,row3358,3358
Orbacus 3.3 SP4,row3359,3359
Orbacus 4,row3360,3360
Orbacus Notify 2,row3364,3364
Orbix 2.3,row3367,3367
Orbix 3,row3368,3368
Orbix 5.1,row3372,3372
Orbix 6,row3373,3373
Orbix Mainframe,row7394,7394
Orbix/E for ANSI C/C++ 2.1,row3380,3380
OSX 4.0.38 1.0,row3381,3381
Performance Center 11,row4180,4180
PKI Services Manager 8,row7332,7332
PlateSpin Forge 11,row6630,6630
Platespin Migrate 12,row2624,2624
PlateSpin Migrate 2018,row6913,6913
PlateSpin Migrate 2019,row2628,2628
PlateSpin Migrate 2020,row6914,6914
PlateSpin Protect 11,row6631,6631
PlateSpin Transformation Manager 2019.5,row2632,2632
Policy Compliance Assessor 1,row2633,2633
Portfolio Edge 2 0.0,row3382,3382
Portfolio Edge 3 1.0,row3383,3383
Privileged Account Manager 3,row2635,2635
Privileged Account Manager 4,row7232,7232
Project & Portfolio Management Deployment Management Extension for SAP 9.1x,row4204,4204
Project and Portfolio Management 9,row4212,4212
Project Office 4,row3384,3384
Project Portfolio Mgmt On Demand 1 0,row3403,3403
Project Portfolio Mgmt On Demand 10,row3404,3404
Project Portfolio Mgmt On Demand 2008 R3,row3407,3407
Project Portfolio Mgmt On Demand 2009 R1,row3408,3408
Project Portfolio Mgmt On Demand 2010 R1,row3409,3409
Project& Portfolio Management Deployment Management Extension for SAP 9,row4218,4218
Projects On Demand 2008 R1,row3410,3410
Projects On Demand 6 1.0,row3411,3411
Prototype Composer 2,row3412,3412
Prototype Composer 2009 R1,row3417,3417
Prototype Composer 3,row3418,3418
PROXMVS 16-bit 1.3.32 1.0,row3423,3423
PROXMVS 32-bit 1.3.32 1.0,row3424,3424
PVCS Professional Suite 10,row3425,3425
PVCS Professional Suite 11,row3431,3431
PVCS Professional Suite 6 8.10GA,row3438,3438
PVCS Professional Suite 7,row3439,3439
PVCS Professional Suite 8,row3443,3443
PVCS Professional Suite 9,row3446,3446
PVCS Professional Suite JLP 8 0.03,row3453,3453
PVCS Professional Suite Plus 3,row3454,3454
PVCS Reporter 1 0.00,row3461,3461
PVCS Tracker 10,row3462,3462
PVCS Tracker 2 3,row3468,3468
PVCS Tracker 2009 R2,row3469,3469
PVCS Tracker 3 7.11,row3470,3470
PVCS Tracker 5 0.10GA,row3471,3471
PVCS Tracker 6,row3472,3472
PVCS Tracker 7,row3480,3480
PVCS Tracker 8,row3485,3485
PVCS Tracker 9 4.2,row3494,3494
PVCS Tracker I-Net 6,row3496,3496
PVCS Tracker I-Net 7,row3499,3499
PVCS Tracker I-NET 8,row3507,3507
PVCS Version Manager 1-4,row3511,3511
PVCS Version Manager 5,row3514,3514
PVCS Version Manager 6,row3518,3518
PVCS Version Manager 7,row3535,3535
PVCS Version Manager 8.0-8.5,row3546,3546
PVCS Version Manager 8.6.x,row6501,6501
QADirector 5,row3622,3622
QADirector 6,row3623,3623
QALoad 5,row3627,3627
QARun 4,row3631,3631
Quality Center/Quality Center Enterprise,row6369,6369
QuickTest Professional 11,row4244,4244
QuickTest Professional Essentials 11,row4245,4245
QuickTest Professional Essentials 12,row4246,4246
Reconcile 2,row3634,3634
Records Manager 8,row4253,4253
Reflection 2014 15.6 R1,row2653,2653
Reflection Automated Sign-On for Mainframe 2014 Add-On 12.1,row2663,2663
Reflection Desktop for UNIX and OpenVMS 16,row2682,2682
Reflection Desktop for X 16,row2688,2688
Reflection for IBM 2008 15.2,row2743,2743
Reflection for IBM 2011 15,row2744,2744
Reflection for IBM 2014 15.6,row2748,2748
Reflection for NonStop 2008 Add-On 15.2,row2749,2749
Reflection for NonStop 2011 Add-On 15,row2750,2750
Reflection for NonStop 2014 Add-On 15.6 R1,row2754,2754
Reflection for Secure IT Client for UNIX 7,row2756,2756
Reflection for Secure IT Client for UNIX 8,row2760,2760
Reflection for Secure IT Client for Windows 7,row2765,2765
Reflection for Secure IT Client for Windows 8,row2774,2774
Reflection for Secure IT Gateway 1,row2778,2778
Reflection for Secure IT Server for UNIX 7,row2783,2783
Reflection for Secure IT Server for UNIX 8,row2787,2787
Reflection for Secure IT Server for Windows 7,row2792,2792
Reflection for Secure IT Server for Windows 8,row2796,2796
Reflection for Secure IT Web Edition 8,row2803,2803
Reflection for the Web 12,row7459,7459
Reflection for the Web 13,row7460,7460
Reflection for UNIX and OpenVMS 2008 15.2,row4357,4357
Reflection for UNIX and OpenVMS 2011 15,row4358,4358
Reflection for UNIX and OpenVMS 2014 15.6 R1,row4362,4362
Reflection Mobile 2.05 572,row4363,4363
Reflection PKI Auto Sign-on Add-On Client 1.0,row4364,4364
Reflection Pro 2014 15,row4375,4375
Reflection Security Gateway 2014 Limited Edition 12,row4382,4382
Reflection Standard Suite 2008 15.2,row4385,4385
Reflection Standard Suite 2011 15,row4386,4386
Reflection Suite for X 14,row4398,4398
Reflection Suite for X 2011 15,row4413,4413
Reflection X 14,row4425,4425
Reflection X 2011 15,row4441,4441
Reflection X 2014 15.6 R1,row4445,4445
Reflection X Advantage 3,row4450,4450
Reflection ZFE 1,row4458,4458
Reflection ZFE 2,row4464,4464
Relativity Data Manager,row4674,4674
Relativity Data Server,row4689,4689
Relativity DBA,row4704,4704
Relativity Designer,row4719,4719
Relativity Designer Suite for MF COBOL,row4733,4733
Relativity for Windows Workstations for MF COBOL,row4737,4737
Relativity Server for MF COBOL,row4741,4741
Release Automation - Nolio 1-4,row4746,4746
Release Automation 4 & 5,row4754,4754
Release Control (ADM) 1,row4763,4763
Release Control (ADM) 2.0 0,row4768,4768
Release Control (ADM) 3,row4769,4769
Release Control (ADM) 4,row4777,4777
Release Control (ADM) 5,row4780,4780
Release Control (ADM) 6,row4785,4785
Release Manager 1-3,row4800,4800
Release Manager 4,row4804,4804
Release Manager 5,row4809,4809
Release Vault 10 1.5.2,row4814,4814
Release Vault 12,row4815,4815
Release Vault 14,row4820,4820
Release Vault 2009 R1,row4824,4824
Release Vault 3 1.00GA,row4825,4825
Release Vault 4 0.1,row4826,4826
Release Vault 5 0.1,row4827,4827
Remote IMS Requester 2.0.05 1.0,row4828,4828
Reporter,row5711,5711
Requirements Manager 1-3,row4831,4831
Requirements Manager 4,row4833,4833
Requirements Manager 8 5,row4837,4837
Retain 2,row4470,4470
Retain 3,row6387,6387
Retain 4,row4471,4471
reUZE Developer 6,row4838,4838
reUZE Server 6,row4845,4845
Revolve Enterprise Edition 4 & 5,row4853,4853
Revolve Enterprise Edition 6,row4869,4869
Revolve Enterprise Edition 7,row4884,4884
Rhythm 4,row4891,4891
Rhythm 5,row4895,4895
Rhythm 6.0 0,row4898,4898
RM/COBOL Deployment System,row4900,4900
RM/COBOL Development System,row4916,4916
RM/COBOL Runtime System,row4933,4933
RM/COBOL SDK,row4960,4960
RM/InfoExpress Server,row4978,4978
Rumba,row4994,4994
Rumba FTP Client,row5019,5019
Rumba Security Service 5.0,row5032,5032
Rumba+ Desktop,row6639,6639
SBM 10,row5034,5034
SBM 11,row5053,5053
SBM 2008,row5066,5066
SBM 2009,row5069,5069
Secure Configuration Manager 5,row4472,4472
Secure Configuration Manager 6,row4474,4474
Secure Configuration Manager 7,row4478,4478
SecureLogin 8,row4484,4484
SecureLogin 9,row6763,6763
Security Fortify Application Defender,row6737,6737
Security Fortify Express Edition Suite,row6462,6462
"Security Fortify Express, Ultimate and Premium Edition Suites",row6464,6464
Security Fortify for Managed Service Provider On Premise,row6580,6580
Security Fortify on Demand for Managed Service Providers,row5865,5865
Security Fortify Premium Edition Suite,row6465,6465
Security Fortify Software Security Center,row6582,6582
Security Fortify Static Code Analyzer,row6742,6742
Security Fortify Ultimate Edition Suite,row6466,6466
Security Manager 6,row4490,4490
Security WebInspect,row6739,6739
Security WebInspect Enterprise,row6740,6740
Security WebInspect Enterprise Build to Order Starter Edition Suite,row6468,6468
Security WebInspect Enterprise Build to Order Starter Edition Suite SSC,row6474,6474
Self Service Password Reset 3,row4491,4491
Self Service Password Reset 4,row4496,4496
Self Service Password Reset 4.5,row266,266
Sentinel 7,row4502,4502
Sentinel 8,row4508,4508
Sentinel Log Manager 1,row4512,4512
Server Enterprise Edition 5.1 0,row5105,5105
Server Enterprise Edition 6,row5106,5106
Server Express,row5118,5118
Server Express 2 & 4,row5115,5115
Server Express for Eclipse 5,row5121,5121
Server Express Remote Development Option 1,row5128,5128
Server for .NET,row5133,5133
Server for COBOL,row5136,5136
Server for Mainframe Migration 5.0 0,row5139,5139
Server for SOA,row5140,5140
Service Test 11,row5983,5983
Service Virtualization 2,row5993,5993
Service Virtualization 3,row5998,5998
Service Virtualization 4,row6005,6005
Service Virtualization 5,row6009,6009
Shunra Network Catcher,row6016,6016
Shunra Network Virtualization,row6964,6964
Silk Central 17,row5150,5150
Silk Central 18,row5153,5153
Silk Central 19,row5156,5156
Silk Central 20,row6264,6264
Silk Central 21,row7477,7477
Silk Central Connect 17,row5168,5168
Silk Mobile EE 4-5,row5172,5172
Silk Mobile EE 6,row5175,5175
Silk Mobile EE 7,row5178,5178
Silk Mobile EE 8.3 0,row5181,5181
Silk Mobile EE 9.0 0,row5182,5182
Silk Performance Manager 17.0 0,row5183,5183
Silk Performance Manager 18,row5184,5184
Silk Performance Manager 19,row5187,5187
Silk Performance Manager 20,row6265,6265
Silk Performance Manager 21,row7485,7485
SilkMeter 17.0 0,row5197,5197
SilkMeter 18,row5198,5198
SilkMeter 19,row5201,5201
SilkMeter 20,row6266,6266
SilkMeter 21,row7484,7484
SilkPerformer 17,row5214,5214
SilkPerformer 18,row5217,5217
SilkPerformer 19,row5220,5220
SilkPerformer 20,row6267,6267
SilkPerformer 21,row7404,7404
SilkTest 17,row5236,5236
SilkTest 18,row5239,5239
SilkTest 19,row5242,5242
SilkTest 20,row6268,6268
SilkTest 21,row7476,7476
Sim3278 VM/VTAM 6,row5247,5247
Sim3278 VTAM 6,row6335,6335
Sim3287 VTAM Print Option 6.2 0,row5251,5251
SimXfer CICS 1,row5252,5252
SimXfer CMS 1,row5256,5256
SimXfer TSO 1,row5259,5259
SimXfer VTAM 1,row5262,5262
SOA Analyzer 7.3 00,row5265,5265
SOA Analyzer 8.0 02,row5266,5266
SOA Express 7.0 00,row5267,5267
SOA Express 8.0,row5268,5268
SRC 2.0 0,row5273,5273
SRC 3,row5274,5274
SRC 4,row5278,5278
SRC 5,row5282,5282
SSM 4 0.1,row5302,5302
SSM 5,row5303,5303
StarBat 7.8 0,row5325,5325
StarTeam Cache Agent 16,row5336,5336
StarTeam Cache Agent 17,row6269,6269
StarTeam DataMart 16,row5347,5347
StarTeam DataMart 17.0 0,row5352,5352
StarTeam Enterprise 15,row5373,5373
StarTeam Enterprise 16,row5376,5376
StarTeam Enterprise 17,row5381,5381
StarTeam Enterprise Advantage 15,row5403,5403
StarTeam Enterprise Advantage 16,row5406,5406
StarTeam Enterprise Advantage 17,row5411,5411
StarTool DA 5.7,row5421,5421
StarTool FDM 5 & 6,row5431,5431
StarTool FDM 7.8,row5435,5435
StarTool IOO 3.1,row5459,5459
StarTool-MVS 6 1.2,row5467,5467
StarTool-MVS 7,row5468,5468
Storage Manager 2,row4522,4522
Storage Manager 3,row4523,4523
Storage Manager 4,row4524,4524
Storage Manager 5.0 for eDirectory,row4525,4525
Storage Manager for Active Directory,row6980,6980
Storage Optimizer 4.6x,row6071,6071
Storage Optimizer 5,row6072,6072
Structured Data Manager 7,row6081,6081
Structured Data Manager Apps Pack,row6704,6704
Studio Enterprise Edition 5 & 6,row5472,5472
Studio Enterprise Edition Test Server 6.0 SP2 WS2,row5482,5482
Studio for COBOL Developers 5,row5483,5483
Studio for ISVs 5,row5487,5487
Studio for Mainframe Migration 5.0 00,row5505,5505
Systinet 10.0x (previously called SOA Systinet),row6099,6099
TeamDefine 2009 n/a,row5509,5509
Teaming 1,row4571,4571
Teaming 2,row4572,4572
TeamTrack 4,row6275,6275
TeamTrack 5,row6276,6276
TeamTrack 6,row6277,6277
TeamTrack 7,row6278,6278
TeamTrack for ZMF 5 & 6,row5534,5534
TestPartner 6,row5546,5546
TGAudit 1.x,row4573,4573
TGAudit 2.x,row4574,4574
TGDetect 2.x,row4577,4577
TGSecure 1.x,row4580,4580
Together 12,row5548,5548
Together 13.0 0,row5555,5555
Together 14.0 0,row6338,6338
Together 2008,row5556,5556
TouchPoint 1.1.12 1.0,row5562,5562
TrackRecord 6,row5576,5576
Unified Communication and Collaborations Management SE Suite,row6472,6472
Universal Policy Administrator,row7168,7168
Validator 1,row4585,4585
Verastream Bridge Integrator 3,row4592,4592
Verastream Bridge Integrator 4,row4595,4595
Verastream Bridge Integrator 5,row4598,4598
Verastream Host Integrator 7,row4607,4607
Verastream Process Designer,row4615,4615
Verastream Software Development Kit (SDK) for Unisys and Airlines 4,row4620,4620
Verastream Software Development Kit (SDK) for Unisys and Airlines 5,row4621,4621
Verastream Standard Kit,row4624,4624
Verastream Terminal Client for Android 1,row4625,4625
Verastream Terminal Client for iPad/iOS 1.0.1,row4626,4626
Verastream UTS Listener 1.0,row4627,4627
Vertica 11,row7458,7458
Vertica 7,row6646,6646
Vertica 8,row6196,6196
Vibe 3,row4628,4628
ViewNow InterDrive Client,row5578,5578
ViewNow X Server,row5581,5581
VisiBroker,row5586,5586
Visibroker-RT,row5595,5595
Visual COBOL Development Hub 2,row5600,5600
Visual COBOL Development Hub 2010 R4 Update 2,row5605,5605
Visual COBOL Development Hub 3.0,row5606,5606
Visual COBOL Development Hub 4.0,row5607,5607
Visual COBOL Development Hub 5.0,row5608,5608
Visual COBOL Development Hub 6.0,row6880,6880
Visual COBOL for Eclipse 2,row5609,5609
Visual COBOL for Eclipse 2010 R4 Update 2,row5614,5614
Visual COBOL for Eclipse 3.0,row5615,5615
Visual COBOL for Eclipse 4.0,row5616,5616
Visual COBOL for Eclipse 5.0,row5617,5617
Visual COBOL for Eclipse 6.0,row6881,6881
Visual COBOL for Visual Studio 2,row5618,5618
Visual COBOL for Visual Studio 2010 R4 Update 2,row5623,5623
Visual COBOL for Visual Studio 3.0,row5624,5624
Visual COBOL for Visual Studio 4.0,row5625,5625
Visual COBOL for Visual Studio 5.0,row5626,5626
Visual COBOL for Visual Studio 6.0,row6882,6882
Vivinet Assessor 3.3,row4631,4631
Vivinet Assessor 4,row4632,4632
Voltage SecureData Appliance 5,row6588,6588
Voltage SecureData Appliance 6,row5728,5728
Voltage SecureData Appliance all versions prior to 5.8x,row5739,5739
Voltage SecureData Developer Templates for Hadoop 2,row6591,6591
Voltage SecureData Developer Templates for Hadoop 3,row5743,5743
Voltage SecureData Developer Templates for Hadoop 4,row5747,5747
Voltage SecureData Developer Templates for Hadoop all versions prior to 2.3x,row5751,5751
Voltage SecureData Enterprise Integrations for AWS Cloud Services 1,row6504,6504
Voltage SecureData Enterprise Integrations for Azure Cloud Services 1.0,row7117,7117
Voltage SecureData File Processor 2,row5752,5752
Voltage SecureData for Snowflake AWS Edition 1.0,row7196,7196
Voltage SecureData for Teradata 2,row5757,5757
Voltage SecureData for Teradata 3,row5760,5760
Voltage SecureData for Teradata all versions prior to 2.1x,row5763,5763
Voltage SecureData for z/OS 8.1.x,row5766,5766
Voltage SecureData Host SDK 4,row5768,5768
Voltage SecureData Host SDK 5,row6833,6833
Voltage SecureData Host SDK all versions prior to 4.2x,row5726,5726
Voltage SecureData Integrations for Google Cloud Services,row7250,7250
Voltage SecureData Mobile SDK 1,row5772,5772
Voltage SecureData Sentry 3,row5775,5775
Voltage SecureData Sentry 4,row7015,7015
Voltage SecureData Simple API 5,row5779,5779
Voltage SecureData Simple API 6,row5785,5785
Voltage SecureData Simple API all versions prior to 5.0x,row5787,5787
Voltage SecureData Terminal SDK 4.2x,row5788,5788
Voltage SecureData Terminal SDK 5.0x,row5789,5789
Voltage SecureData Terminal SDK all versions prior to 4.2x,row5790,5790
Voltage SecureData Transparent Data Protection for NonStop 1.2x,row5794,5794
Voltage SecureFile (Plug-in for MS) 6.3x,row5795,5795
Voltage SecureFile (Plug-in for MS) 7,row5796,5796
Voltage SecureFile Command Line 2.5x (d),row5801,5801
Voltage SecureFile Command Line all versions prior to 2.5x,row5802,5802
Voltage SecureMail Archive Connector 2.0x,row5803,5803
Voltage SecureMail Archive Connector all versions prior to 2.0x,row5804,5804
Voltage SecureMail eDiscovery Accelerator 3,row5805,5805
Voltage SecureMail eDiscovery Accelerator 4,row5808,5808
Voltage SecureMail eDiscovery Accelerator all versions prior to 3.0x,row5812,5812
Voltage SecureMail eDiscovery Tool 2.2x,row5813,5813
Voltage SecureMail eDiscovery Tool all versions prior to 2.2x,row5814,5814
Voltage SecureMail Encryption Client 6.3x,row5815,5815
Voltage SecureMail Encryption Client 7,row5816,5816
Voltage SecureMail Encryption Client all versions prior to 6.3x,row5822,5822
Voltage SecureMail for Blackberry Enterprise Server 4.7x,row5823,5823
Voltage SecureMail for Blackberry Enterprise Server all versions prior to 4.7x,row5824,5824
Voltage SecureMail Server (Includes Connected Gateway and Gateway SDK) 6,row5825,5825
Voltage SecureMail Server (Includes Connected Gateway and Gateway SDK) 7,row5832,5832
Voltage SecureMail Server (Includes Connected Gateway and Gateway SDK) all versions prior to 6.0x,row5835,5835
Voltage SecureStorage 2.0x,row5836,5836
Voltage SecureStorage all versions prior to 2.0x,row5837,5837
Voltage SmartCipher 4,row6512,6512
WinRunner(MF) 5.01 1.0,row5627,5627
WOW Extensions,row5630,5630
Xcentrisity Business Information Server,row5645,5645
Xcentrisity Business Information Server for extend,row5659,5659
XDB Maintain!  2.0 1.0,row5679,5679
XDBC Local 2.0 0,row5680,5680
XDBC Server 2,row5681,5681
XML Extensions,row5687,5687
Xtradyne Security Policy Server Enterprise Edition 3,row5701,5701
ZENworks Asset Inventory 2017,row4652,4652
Access Manager 4,row344,344
,detail344,344
Advanced Authentication 4,row1221,1221
,detail1221,1221
Advanced Authentication 5,row1222,1222
,detail1222,1222
Advanced Authentication 6,row1229,1229
,detail1229,1229
ArcSight Data Platform 2,row1447,1447
,detail1447,1447
ArcSight Enterprise Security Manager 6,row1454,1454
,detail1454,1454
ArcSight Enterprise Security Manager 7,row1459,1459
,detail1459,1459
ArcSight Enterprise Security Manager and Express Gen 8 Appliances,row1476,1476
,detail1476,1476
ArcSight Gen 9 Appliances,row4233,4233
,detail4233,4233
ArcSight IdentityView 2,row1478,1478
,detail1478,1478
ArcSight Intelligence,row6688,6688
,detail6688,6688
ArcSight Interactive Discovery 7,row6570,6570
,detail6570,6570
ArcSight Investigate 1,row1485,1485
,detail1485,1485
ArcSight Investigate 2,row1488,1488
,detail1488,1488
ArcSight Investigate 3,row1493,1493
,detail1493,1493
ArcSight Logger 6,row1499,1499
,detail1499,1499
ArcSight Logger 7,row1512,1512
,detail1512,1512
ArcSight Logger Gen 8 Appliances,row1520,1520
,detail1520,1520
ArcSight Management Center 2,row1523,1523
,detail1523,1523
ArcSight Management Center and ArcSight Connector Hosting Gen 8 Appliances,row1535,1535
,detail1535,1535
ArcSight Recon,row7019,7019
,detail7019,7019
ArcSight Reputation Security Monitor,row1538,1538
,detail1538,1538
ArcSight Reputation Security Monitor Plus,row6575,6575
,detail6575,6575
ArcSight Smart Connectors 7,row1541,1541
,detail1541,1541
ArcSight Threat Detector 2,row1550,1550
,detail1550,1550
ArcSight Transformation Hub 2,row1554,1554
,detail1554,1554
ArcSight Transformation Hub 3,row1558,1558
,detail1558,1558
ArcSight User Behavior Analytics,row6533,6533
,detail6533,6533
BorderManager 3.9,row1660,1660
,detail1660,1660
Business Continuity Clustering 1,row1712,1712
,detail1712,1712
Business Continuity Clustering 2,row1716,1716
,detail1716,1716
Caliber Analyst,row1755,1755
,detail1755,1755
Caliber DefineIT 2008,row1760,1760
,detail1760,1760
Caliber RDM 10,row1764,1764
,detail1764,1764
Caliber RDM 2010 R4,row1767,1767
,detail1767,1767
CaliberRM 10,row1768,1768
,detail1768,1768
CaliberRM 11,row1771,1771
,detail1771,1771
CaliberRM 2005,row1778,1778
,detail1778,1778
CaliberRM 2006,row1781,1781
,detail1781,1781
CaliberRM 2008,row1784,1784
,detail1784,1784
Change Guardian 4,row1798,1798
,detail1798,1798
Change Guardian 5,row1802,1802
,detail1802,1802
Data Synchronizer Mobility Pack 1.2,row2167,2167
,detail2167,2167
eDirectory 8.8,row2281,2281
,detail2281,2281
eDirectory 9,row2282,2282
,detail2282,2282
Enterprise Messaging,row6560,6560
,detail6560,6560
Forum + Zon 8,row2323,2323
,detail2323,2323
GroupWise 18,row2335,2335
,detail2335,2335
Host Access for RPA 2,row7037,7037
,detail7037,7037
Identity Assurance Solution Client 3,row2397,2397
,detail2397,2397
iManager 2.7,row2409,2409
,detail2409,2409
InfoConnect Desktop for Airlines 16,row2427,2427
,detail2427,2427
InfoConnect Desktop for Airlines Print and Transaction Router 16,row2433,2433
,detail2433,2433
InfoConnect Desktop for Airlines PTRPlus 16,row2439,2439
,detail2439,2439
InfoConnect Desktop for Unisys 16,row2445,2445
,detail2445,2445
InfoConnect Desktop Pro for Airlines 16.0,row2452,2452
,detail2452,2452
InfoConnect Desktop Pro for Airlines 17,row7141,7141
,detail7141,7141
InfoConnect Desktop Pro for Unisys 16.0,row2458,2458
,detail2458,2458
InfoConnect Desktop Pro for Unisys 17,row7140,7140
,detail7140,7140
InfoConnect Desktop Pro for Unisys with X 16.1 SP1,row2465,2465
,detail2465,2465
InfoConnect Desktop Pro for Unisys with X 16.2,row2466,2466
,detail2466,2466
InfoConnect Desktop Pro for Unisys with X 17,row7153,7153
,detail7153,7153
"InfoConnect Enterprise Edition for Airlines, PTR Premium",row7241,7241
,detail7241,7241
InfoConnect Enterprise Edition for Unisys 9,row2526,2526
,detail2526,2526
InfoConnect for Airlines PTRServer 16,row2548,2548
,detail2548,2548
Interset Security User and Entity Behavioral Analytics 5,row3758,3758
,detail3758,3758
iPrint Appliance 1,row2554,2554
,detail2554,2554
iPrint Appliance 1.0,row2555,2555
,detail2555,2555
iPrint Appliance 2,row2558,2558
,detail2558,2558
LDAP Proxy 1,row2563,2563
,detail2563,2563
LDAP Proxy 1.0,row2564,2564
,detail2564,2564
Lean Functional Testing 12,row6968,6968
,detail6968,6968
Lean Functional Testing 14,row3820,3820
,detail3820,3820
LoadRunner 12,row3834,3834
,detail3834,3834
LoadRunner Enterprise 2020,row6507,6507
,detail6507,6507
LoadRunner Professional 2020,row6508,6508
,detail6508,6508
LR/PC Diagnostics 9,row3839,3839
,detail3839,3839
Micro Focus Desktop Containers 12,row2574,2574
,detail2574,2574
Micro Focus Desktop Containers 20,row6981,6981
,detail6981,6981
Micro Focus Mobile Management 3,row2575,2575
,detail2575,2575
NetWare 6.5,row2586,2586
,detail2586,2586
Network Capture,row3874,3874
,detail3874,3874
Novell Client 2 for Windows,row2589,2589
,detail2589,2589
Novell Kanaka for Mac 2,row2595,2595
,detail2595,2595
Novell Kanaka for Mac 2.7,row2597,2597
,detail2597,2597
Novell Kanaka for Mac 2.8,row2598,2598
,detail2598,2598
Novell Open Workgroup Suite,row6393,6393
,detail6393,6393
Open Enterprise Server 11 (OES 11),row2599,2599
,detail2599,2599
Open Enterprise Server 2 (OES 2),row2604,2604
,detail2604,2604
Open Enterprise Server 2015 (OES 2015),row2608,2608
,detail2608,2608
Open Enterprise Server 2018 (OES 2018),row2611,2611
,detail2611,2611
Open Workgroup Suite (NOWS),row2614,2614
,detail2614,2614
Open Workgroup Suite for Small Business (NOWS),row2615,2615
,detail2615,2615
Performance Center 12,row4183,4183
,detail4183,4183
PKI Services Manager 1,row4365,4365
,detail4365,4365
PSAudit 8,row2646,2646
,detail2646,2646
PSDetect 8,row2648,2648
,detail2648,2648
PSSecure 8,row2650,2650
,detail2650,2650
Reflection Desktop 16,row2664,2664
,detail2664,2664
Reflection Desktop 17,row7131,7131
,detail7131,7131
Reflection Desktop for IBM 16,row2670,2670
,detail2670,2670
Reflection Desktop for IBM 17,row7144,7144
,detail7144,7144
Reflection Desktop for NonStop Add-On 16,row2676,2676
,detail2676,2676
Reflection Desktop for NonStop Add-On 17,row7148,7148
,detail7148,7148
Reflection Desktop for UNIX and OpenVMS 17,row7145,7145
,detail7145,7145
Reflection Desktop for X 17,row7146,7146
,detail7146,7146
Reflection Desktop Pro 16,row2699,2699
,detail2699,2699
Reflection Desktop Pro 17,row7147,7147
,detail7147,7147
Reflection Enterprise Suite 16,row2705,2705
,detail2705,2705
Reflection Enterprise Suite 17,row7151,7151
,detail7151,7151
Reflection for HP 14,row2713,2713
,detail2713,2713
Reflection for IBM 14,row2726,2726
,detail2726,2726
Reflection for the Multi-Host Enterprise Professional Edition 14,row2812,2812
,detail2812,2812
Reflection for the Multi-Host Enterprise Standard Edition 14,row2836,2836
,detail2836,2836
Reflection for TN3270 and TN5250 (iOS mobile app),row4331,4331
,detail4331,4331
Reflection for UNIX (iOS Edition mobile app),row4332,4332
,detail4332,4332
Reflection for UNIX and OpenVMS 14,row4341,4341
,detail4341,4341
Reflection Professional Suite 2011,row4378,4378
,detail4378,4378
Reflection X Advantage 16.1,row4446,4446
,detail4446,4446
Reflection X Advantage 2,row4447,4447
,detail4447,4447
Reflection X Advantage 2.1,row4449,4449
,detail4449,4449
Reflection X Advantage 4,row4451,4451
,detail4451,4451
Reflection X Advantage 4.0,row4452,4452
,detail4452,4452
Reflection X Advantage 4.1,row4453,4453
,detail4453,4453
Reflection X Advantage 4.2,row4454,4454
,detail4454,4454
Reflection X Advantage 5,row4455,4455
,detail4455,4455
Reflection X Advantage 5.0,row4456,4456
,detail4456,4456
Reflection X Advantage 5.1,row4457,4457
,detail4457,4457
Scriturra,row6922,6922
,detail6922,6922
Secure API Manager 2.0,row6701,6701
,detail6701,6701
Secure Messaging Gateway 7,row4483,4483
,detail4483,4483
Service Desk 7,row4516,4516
,detail4516,4516
TGSecure 2.x,row4581,4581
,detail4581,4581
UFT Developer 15,row6969,6969
,detail6969,6969
UFT Mobile 1,row6122,6122
,detail6122,6122
UFT Mobile 2,row6126,6126
,detail6126,6126
UFT Mobile 3,row6133,6133
,detail6133,6133
UFT One 15,row6150,6150
,detail6150,6150
Unified Functional Testing 11,row6141,6141
,detail6141,6141
Unified Functional Testing 12,row6144,6144
,detail6144,6144
Unified Functional Testing 14,row6147,6147
,detail6147,6147
Vertica 10,row6665,6665
,detail6665,6665
Vertica 9,row6199,6199
,detail6199,6199
Vibe 4,row4629,4629
,detail4629,4629
Voltage SecureData for z/OS,row6633,6633
,detail6633,6633
Voltage SecureData z/Protect,row6632,6632
,detail6632,6632
ZENworks Application Virtualization 11,row4648,4648
,detail4648,4648
ZENworks Asset Management 11,row4654,4654
,detail4654,4654
ZENworks Asset Management 2017,row4655,4655
,detail4655,4655
ZENworks Asset Management 2020,row6401,6401
,detail6401,6401
ZENworks Configuration Management 11,row4659,4659
,detail4659,4659
ZENworks Configuration Management 2017,row4660,4660
,detail4660,4660
ZENworks Configuration Management 2020,row6411,6411
,detail6411,6411
ZENworks Endpoint Security Management 11,row4661,4661
,detail4661,4661
ZENworks Endpoint Security Management 2017,row4662,4662
,detail4662,4662
ZENworks Endpoint Security Management 2020,row6422,6422
,detail6422,6422
ZENworks Full Disk Encryption 11,row4665,4665
,detail4665,4665
ZENworks Full Disk Encryption 2017,row4666,4666
,detail4666,4666
ZENworks Full Disk Encryption 2020,row6431,6431
,detail6431,6431
ZENworks Mobile Workspace 3,row4668,4668
,detail4668,4668
ZENworks Patch Management 11,row4669,4669
,detail4669,4669
ZENworks Patch Management 2017,row4670,4670
,detail4670,4670
ZENworks Patch Management 2020,row6433,6433
,detail6433,6433
ZENworks Service Desk 8,row4671,4671
,detail4671,4671
ZENworks Suite,row6394,6394
,detail6394,6394